-70,46,2,25,25,24,23,23,23,22,20,19,21,21,21,21,22,23,23,22,21,20,20,20,20,21,20,19,4,0,0,0,0,0,0,0,0,0,3,15,16,18,18,18,18,20,20,21,22,24,24,24,24,24,24,24,22,22,22,22,23,22,23,25,25
-70,98,6,26,26,25,25,24,23,23,20,19,21,22,22,23,23,24,23,22,22,21,21,21,21,22,21,20,5,0,0,0,0,0,0,0,0,0,4,16,17,18,18,19,20,21,21,22,23,25,26,26,25,25,25,25,23,23,24,24,24,23,25,27,27
-71,131,5,25,25,25,23,23,23,22,23,23,22,21,20,21,21,23,23,22,21,21,21,21,22,22,22,21,6,0,0,0,0,0,0,0,0,0,4,16,17,19,21,21,21,22,23,23,24,25,26,26,26,25,25,24,23,23,22,23,23,23,25,25,25
-71,163,8,23,23,21,21,20,20,19,18,18,19,20,20,21,21,22,21,20,20,20,20,19,19,19,19,19,5,0,0,0,0,0,0,0,0,0,4,14,15,16,18,18,18,18,19,20,21,23,23,22,22,21,22,23,21,21,21,21,20,19,20,22,22
-71,114,14,23,23,23,22,22,21,20,20,20,21,21,21,21,21,21,22,21,20,20,20,20,20,21,20,20,5,0,0,0,0,0,0,0,0,0,3,15,16,17,17,18,19,19,19,21,22,23,24,23,22,21,22,23,21,21,21,21,21,21,22,22,22
-73,125,20,22,22,23,23,23,23,22,22,21,21,21,20,20,20,21,21,21,21,21,21,21,20,20,20,20,5,0,0,0,0,0,0,0,0,0,4,16,16,17,18,18,19,20,20,20,21,21,22,23,22,22,22,21,20,21,21,21,21,21,21,22,23
-73,125,20,25,26,26,26,26,26,25,27,29,27,25,24,24,25,25,25,24,25,24,25,24,24,25,25,25,6,0,0,0,0,0,0,0,0,0,5,18,19,20,21,22,23,25,25,24,26,27,27,26,26,26,26,25,25,25,25,24,25,25,26,26,26
-73,125,20,23,23,23,22,23,23,22,20,19,21,22,22,22,22,22,22,22,23,22,21,21,21,21,21,20,5,0,0,0,0,0,0,0,0,0,4,17,17,17,17,18,19,21,22,21,23,24,24,24,24,23,23,21,21,22,23,22,22,22,23,23,23
-73,125,20,24,23,24,23,23,23,23,25,26,24,23,23,24,23,23,23,23,24,24,22,22,22,22,21,21,5,0,0,0,0,0,0,0,0,0,5,18,18,18,18,20,21,21,22,23,23,24,24,24,25,25,24,23,22,22,23,23,24,23,23,24,26
-73,125,20,23,22,22,22,21,21,21,23,24,22,20,21,21,21,22,22,21,21,21,21,20,20,20,19,19,4,0,0,0,0,0,0,0,0,0,3,16,16,17,18,18,19,20,21,20,21,22,23,23,22,22,22,22,22,22,22,21,22,21,21,21,21
-73,125,20,24,25,24,23,23,23,22,24,25,24,23,23,23,23,23,23,23,23,22,23,22,22,21,22,23,6,0,0,0,0,0,0,0,0,0,4,17,17,18,19,20,21,22,22,23,24,24,24,25,24,24,24,23,23,24,24,24,22,22,24,24,23
-73,125,20,22,23,23,23,22,22,22,21,20,21,21,21,21,22,22,23,22,21,21,21,21,21,21,20,20,5,0,0,0,0,0,0,0,0,0,4,16,17,18,18,19,19,19,20,22,22,23,23,23,23,22,22,22,22,21,21,22,22,23,22,23,23
-73,125,20,24,24,24,23,23,22,21,21,21,21,21,21,21,22,22,22,22,21,21,20,21,21,21,20,21,5,0,0,0,0,0,0,0,0,0,3,17,16,17,18,19,20,20,20,21,22,23,24,23,23,22,23,22,22,22,22,21,21,22,22,24,25
-72,125,20,25,24,24,24,24,23,23,21,20,22,22,22,22,22,22,22,22,22,22,22,22,22,22,21,21,6,0,0,0,0,0,0,0,0,0,4,16,17,19,20,21,22,22,22,23,24,24,25,25,24,23,24,23,23,23,23,23,23,24,25,25,25
-73,125,20,22,23,22,22,23,23,23,24,25,24,22,21,21,21,21,21,22,22,22,22,22,21,20,20,20,5,0,0,0,0,0,0,0,0,0,4,16,17,18,19,19,20,19,21,21,23,23,23,23,23,21,21,21,22,23,22,21,22,22,22,23,23
-73,125,20,23,23,23,23,23,22,22,20,17,19,21,21,21,21,22,22,22,21,21,21,21,20,21,21,21,5,0,0,0,0,0,0,0,0,0,4,17,17,17,18,19,20,19,20,21,22,24,24,23,23,22,22,23,22,23,22,22,21,21,22,24,25
-73,125,20,23,23,24,23,22,22,22,22,23,23,22,21,21,22,22,22,22,22,22,22,21,21,21,21,21,5,0,0,0,0,0,0,0,0,0,4,16,16,17,19,20,21,21,22,24,24,24,24,24,23,23,22,22,22,23,23,23,22,22,22,23,22
-73,125,20,25,25,23,22,23,23,22,21,21,22,22,21,21,21,22,22,21,21,21,21,21,21,21,21,21,5,0,0,0,0,0,0,0,0,0,4,16,17,18,19,20,21,21,22,22,24,24,25,25,24,23,23,23,23,22,23,23,22,22,24,24,24
-73,125,20,24,24,24,23,23,22,22,21,21,22,23,22,22,22,23,23,23,22,22,22,21,21,21,21,21,5,0,0,0,0,0,0,0,0,0,5,17,18,18,20,20,21,22,23,24,24,25,25,24,23,24,25,24,23,23,23,24,23,22,24,24,25
-73,125,20,24,23,23,24,23,23,23,22,21,22,23,22,22,22,23,23,22,22,22,22,22,22,22,21,21,6,0,0,0,0,0,0,0,0,0,4,15,17,19,20,21,21,21,21,22,23,25,24,24,23,24,24,24,23,21,22,22,22,22,23,25,25
-73,125,20,25,25,25,24,24,24,23,21,19,22,23,22,22,22,22,23,23,23,23,22,21,21,21,21,22,6,0,0,0,0,0,0,0,0,0,5,17,17,18,19,20,21,22,22,23,24,24,25,24,23,23,24,23,23,23,24,24,25,24,23,24,25
-72,125,20,23,24,24,23,23,23,22,20,20,20,21,21,21,22,22,22,21,21,21,21,20,20,20,19,21,5,0,0,0,0,0,0,0,0,0,3,15,16,18,19,19,21,22,22,23,24,24,23,23,23,23,22,22,22,23,23,23,22,22,22,23,23
-73,125,20,25,25,24,24,24,23,23,23,23,23,23,22,22,22,22,22,22,22,22,22,21,21,21,21,21,6,0,0,0,0,0,0,0,0,0,5,17,18,19,19,20,21,22,23,22,23,24,24,24,25,24,24,24,22,22,22,22,22,22,23,24,25
-73,125,20,23,22,22,21,21,21,21,19,18,19,20,20,21,20,20,20,21,21,20,21,20,20,21,20,19,4,0,0,0,0,0,0,0,0,0,4,16,16,17,18,18,20,21,22,22,23,23,23,24,24,24,22,22,22,22,22,22,22,22,23,23,22
-73,125,20,24,23,22,22,22,22,22,21,19,20,20,20,21,21,21,21,21,21,21,21,21,20,20,20,20,5,0,0,0,0,0,0,0,0,0,4,17,16,17,19,19,19,21,22,22,22,23,24,24,23,23,23,23,22,22,22,23,23,22,22,22,22
-73,125,20,24,24,24,22,22,21,21,20,19,19,20,20,20,20,20,20,21,21,20,20,20,20,20,19,19,4,0,0,0,0,0,0,0,0,0,4,16,16,17,18,18,19,21,22,22,23,24,24,24,24,22,21,21,22,22,22,22,22,22,22,23,24
-73,125,20,21,21,22,22,21,21,21,19,18,19,19,18,18,18,19,20,20,20,19,19,18,18,18,18,18,5,0,0,0,0,0,0,0,0,0,4,15,15,16,18,18,18,19,20,20,21,22,22,22,22,22,22,22,21,21,21,21,21,21,22,22,23
-73,125,20,25,24,23,23,23,23,22,23,22,22,22,22,22,22,22,22,22,22,22,22,22,21,21,21,20,5,0,0,0,0,0,0,0,0,0,4,17,18,19,20,21,22,22,23,24,25,25,25,24,24,24,25,25,24,24,24,23,23,23,25,25,24
-73,125,20,23,23,22,23,23,23,24,25,27,25,23,22,22,23,23,22,22,22,22,21,21,21,21,20,19,5,0,0,0,0,0,0,0,0,0,5,18,18,19,20,20,20,21,22,23,24,24,24,24,25,24,24,23,23,24,23,23,23,23,23,23,23
-73,125,20,24,25,24,24,25,23,22,23,24,23,22,22,22,22,22,22,22,22,21,21,21,20,20,20,20,5,0,0,0,0,0,0,0,0,0,4,17,18,19,20,21,21,22,23,24,24,24,25,25,25,24,25,24,24,23,23,24,23,22,23,24,24
-72,125,20,25,25,24,24,23,23,23,23,24,24,22,21,21,22,22,22,22,21,21,22,21,20,20,21,20,5,0,0,0,0,0,0,0,0,0,5,18,19,18,20,20,21,22,23,23,24,25,25,24,24,24,25,24,24,24,24,24,24,24,25,25,24
-73,125,20,24,24,23,23,23,23,22,19,18,19,21,21,21,21,21,21,21,21,21,21,20,20,20,19,18,4,0,0,0,0,0,0,0,0,0,3,17,18,18,19,20,21,22,22,23,24,24,24,25,24,24,24,24,24,24,24,23,23,24,25,25,25
-73,125,20,24,24,24,24,23,22,22,23,25,23,21,21,22,21,21,23,21,21,21,22,21,20,19,20,20,5,0,0,0,0,0,0,0,0,0,4,17,18,18,19,20,21,22,22,22,23,25,24,24,24,23,23,23,23,23,23,23,23,22,22,24,24
-73,125,20,23,24,23,23,23,22,22,23,24,23,21,21,21,21,20,21,21,20,20,20,21,20,20,19,20,5,0,0,0,0,0,0,0,0,0,4,17,17,17,19,20,20,20,20,21,22,24,25,24,23,23,22,22,23,23,23,23,23,22,22,22,23
-73,125,20,25,25,24,24,24,23,23,21,20,21,21,21,21,22,22,22,22,22,21,21,20,21,21,20,20,5,0,0,0,0,0,0,0,0,0,5,17,18,18,19,21,21,22,22,23,23,24,24,24,24,24,24,24,24,25,24,23,23,23,23,23,24
-73,125,20,24,24,24,24,24,23,22,24,24,23,22,22,21,21,22,22,22,22,22,22,21,20,20,19,19,5,0,0,0,0,0,0,0,0,0,4,17,17,18,19,19,21,22,24,23,24,25,25,25,25,24,23,23,23,24,24,22,23,23,23,23,24
-73,125,20,24,23,24,23,23,23,23,22,24,23,22,21,22,22,22,22,22,21,21,22,21,20,21,21,21,5,0,0,0,0,0,0,0,0,0,4,17,17,17,18,19,20,21,21,23,23,24,24,23,22,23,23,23,23,23,22,22,21,22,23,23,23
-72,125,20,26,25,23,23,24,25,24,21,20,21,21,21,22,22,22,22,22,21,21,21,21,21,21,21,21,6,0,0,0,0,0,0,0,0,0,5,17,18,19,20,21,22,23,24,24,25,26,26,25,25,25,25,24,24,24,23,23,24,24,24,24,25
-72,125,20,23,23,23,23,23,24,23,21,19,21,22,21,22,22,23,23,22,22,22,22,21,21,21,21,20,5,0,0,0,0,0,0,0,0,0,4,17,17,18,20,21,21,21,22,23,24,25,25,25,23,24,24,23,23,24,25,24,23,23,24,25,25
-73,125,20,24,25,24,25,24,24,24,25,26,24,22,21,22,23,23,23,23,22,22,21,20,21,21,21,21,5,0,0,0,0,0,0,0,0,0,5,18,18,19,20,21,21,23,22,23,24,25,25,26,26,25,24,24,24,25,24,24,23,22,23,25,26
-70,121,38,23,23,21,20,21,20,19,20,23,22,21,20,20,20,19,19,19,19,19,17,18,19,18,17,17,4,0,0,0,0,0,0,0,0,0,3,14,13,15,16,16,18,18,19,20,21,22,22,23,22,21,22,20,19,19,20,20,20,20,22,22,21
-72,125,20,26,26,25,24,25,25,26,26,28,26,24,23,23,23,23,23,22,23,22,22,22,22,21,21,21,6,0,0,0,0,0,0,0,0,0,5,19,19,20,21,22,22,24,24,25,26,27,27,27,26,26,26,25,26,26,26,24,24,25,26,27,27
-72,125,20,25,25,25,24,24,24,24,23,23,23,22,22,22,22,22,23,22,22,22,22,21,22,22,21,20,5,0,0,0,0,0,0,0,0,0,4,18,18,18,19,20,21,21,23,24,25,25,26,25,25,25,25,24,24,23,24,23,24,24,24,25,25
-72,125,20,23,23,22,22,21,21,21,21,22,21,20,20,20,19,20,21,20,19,18,18,19,18,17,17,18,4,0,0,0,0,0,0,0,0,0,4,17,17,18,18,18,20,20,20,21,21,23,23,22,22,22,22,21,21,21,22,21,21,20,21,23,23
-70,121,38,24,24,23,23,24,23,21,21,23,23,22,21,20,20,21,21,20,19,19,19,19,20,20,19,18,4,0,0,0,0,0,0,0,0,0,4,16,16,18,19,19,19,20,20,22,23,24,25,24,23,23,24,24,23,22,22,22,22,22,22,23,23
-72,125,20,24,25,25,24,24,24,23,23,22,22,22,22,22,23,23,23,23,22,20,20,21,20,19,20,20,4,0,0,0,0,0,0,0,0,0,3,17,17,17,19,21,21,23,24,24,25,25,26,26,25,24,25,24,24,24,23,24,23,23,25,26,26
-72,125,20,24,25,24,24,24,25,23,22,22,23,23,22,22,22,21,22,22,21,21,21,20,20,20,20,19,4,0,0,0,0,0,0,0,0,0,4,17,17,19,20,21,21,22,24,24,25,26,26,25,26,26,25,24,24,23,24,24,24,24,24,24,24
-72,125,20,25,26,25,25,26,25,24,22,20,21,23,23,22,22,23,22,22,21,21,21,21,20,21,20,20,5,0,0,0,0,0,0,0,0,0,4,18,19,20,21,22,22,23,23,24,25,27,27,27,27,26,26,26,25,25,25,25,25,25,25,26,27
-72,125,20,24,24,24,23,23,23,23,25,25,24,23,22,22,22,21,21,21,21,19,19,20,20,20,19,19,5,0,0,0,0,0,0,0,0,0,4,16,17,17,19,21,21,21,23,23,24,25,26,26,26,25,25,26,25,24,24,24,24,23,25,26,26
-72,125,20,25,24,23,24,23,22,23,25,25,24,23,23,23,23,24,24,23,22,22,22,22,21,21,21,21,5,0,0,0,0,0,0,0,0,0,5,18,19,20,21,22,23,23,24,24,25,25,26,27,25,25,25,24,24,24,24,24,24,24,24,25,24
-76,125,20,22,23,23,23,23,21,21,23,25,24,23,22,21,21,22,22,22,22,22,22,21,21,22,22,22,5,0,0,0,0,0,0,0,0,0,4,17,17,18,19,20,22,22,23,25,25,25,25,25,25,24,24,23,23,23,23,23,22,22,21,22,23
-71,125,20,21,22,21,21,21,21,21,20,19,19,20,20,20,20,20,20,20,20,19,18,18,19,19,18,19,5,0,0,0,0,0,0,0,0,0,4,15,16,16,17,18,19,20,20,20,21,22,22,22,22,21,21,21,21,20,21,21,21,21,22,22,21
-71,125,20,26,26,24,24,24,25,25,23,21,22,24,23,23,23,24,23,22,22,22,22,22,21,21,21,21,5,0,0,0,0,0,0,0,0,0,5,16,17,20,20,20,21,21,22,23,23,24,24,25,26,25,24,24,24,25,24,23,23,23,25,25,25
-72,125,20,24,25,24,24,24,23,22,22,24,22,21,21,22,21,23,23,23,22,21,21,21,21,21,20,21,5,0,0,0,0,0,0,0,0,0,4,17,17,18,19,19,20,21,21,23,24,24,24,24,23,23,24,24,23,22,22,22,22,22,23,25,25
-72,125,20,23,23,22,23,23,23,22,21,22,22,22,22,22,22,22,22,22,20,20,21,21,19,19,19,20,5,0,0,0,0,0,0,0,0,0,3,15,15,16,18,18,18,20,21,20,21,23,24,23,22,21,22,22,22,22,22,22,21,21,22,23,22
-71,125,20,26,27,26,26,25,25,24,23,23,24,25,24,24,24,25,25,24,24,23,22,22,22,22,21,20,5,0,0,0,0,0,0,0,0,0,5,18,18,19,20,20,20,22,22,23,25,25,26,26,25,24,24,25,25,24,24,25,25,25,26,27,28
-71,125,20,24,23,23,22,23,23,22,23,24,22,21,21,22,21,22,21,21,21,20,20,20,19,19,19,18,4,0,0,0,0,0,0,0,0,0,3,15,16,17,18,19,19,20,20,21,22,23,22,21,20,23,23,23,23,22,22,22,22,22,23,24,25
-72,125,20,24,24,23,23,23,22,22,22,22,21,20,21,21,21,21,21,20,20,21,20,18,19,19,19,20,5,0,0,0,0,0,0,0,0,0,5,15,17,17,18,19,19,20,21,21,23,24,24,23,23,23,23,23,23,23,22,22,22,23,24,24,23
-72,125,20,25,24,24,24,24,23,22,23,25,23,20,20,19,19,21,21,20,20,20,18,18,18,18,18,18,5,0,0,0,0,0,0,0,0,0,4,16,17,19,19,21,21,21,22,22,23,25,24,25,24,24,24,24,24,24,25,24,23,23,24,24,24
-73,125,20,24,24,23,23,23,23,22,21,19,21,22,21,21,21,21,21,20,20,20,20,19,19,18,18,19,4,0,0,0,0,0,0,0,0,0,4,17,18,18,19,20,21,22,22,23,23,24,25,26,26,26,25,25,23,24,24,24,23,23,23,24,25
-73,125,20,27,27,26,25,25,25,25,27,29,27,24,24,24,24,24,23,23,23,22,22,22,22,21,21,22,6,0,0,0,0,0,0,0,0,0,5,19,19,20,21,21,22,24,25,26,26,27,28,28,28,27,27,27,26,27,27,26,26,26,27,27,27
-72,125,20,22,22,24,25,23,23,25,23,24,24,21,20,19,19,21,22,22,21,20,20,21,19,19,19,18,5,0,0,0,0,0,0,0,0,0,5,17,17,18,19,20,22,22,23,23,24,26,27,25,23,23,24,25,25,24,23,25,28,27,26,25,26
-72,125,20,26,26,26,26,26,25,24,22,21,22,24,23,23,23,22,21,22,21,21,21,21,21,22,22,22,5,0,0,0,0,0,0,0,0,0,4,17,19,19,20,21,22,24,24,25,25,26,27,27,27,26,25,25,25,25,26,26,25,25,26,27,27
-72,125,20,24,24,23,22,22,22,21,20,20,21,21,20,20,20,20,20,19,19,20,19,18,18,18,17,17,4,0,0,0,0,0,0,0,0,0,3,16,17,17,18,19,20,21,21,21,22,24,24,24,23,24,23,24,24,24,23,23,23,22,22,24,24
-72,125,20,27,28,26,25,25,25,25,21,21,22,24,24,23,23,22,22,22,21,21,21,21,21,20,21,21,5,0,0,0,0,0,0,0,0,0,4,18,19,20,21,22,23,24,25,25,26,28,28,28,28,27,27,27,26,26,26,26,26,26,26,26,26
-72,125,20,24,24,24,24,24,24,22,22,23,22,20,20,20,20,21,21,22,20,20,20,20,19,19,18,18,5,0,0,0,0,0,0,0,0,0,4,16,17,17,19,19,20,21,23,23,24,24,24,24,24,24,24,23,23,24,24,23,24,23,24,24,26
-72,125,20,18,19,21,23,24,24,22,19,19,20,19,19,18,18,19,19,18,17,17,17,16,16,16,16,16,4,0,0,0,0,0,0,0,0,0,3,14,15,16,16,18,18,19,19,20,20,21,21,22,22,21,22,20,19,19,19,18,19,20,20,22,23
-71,125,20,26,26,27,26,25,25,24,22,22,23,24,23,24,24,24,23,22,21,22,22,20,20,20,20,20,5,0,0,0,0,0,0,0,0,0,5,18,18,19,19,20,21,23,24,25,25,26,26,26,25,25,25,25,24,25,26,26,26,25,26,26,26
-71,125,20,24,23,22,22,22,22,22,21,21,21,21,20,19,21,21,21,21,19,19,19,18,18,18,18,18,5,0,0,0,0,0,0,0,0,0,4,15,16,17,18,18,19,20,21,22,22,23,24,24,24,23,24,24,23,23,23,24,23,23,23,24,24
-72,125,20,23,23,22,22,21,21,21,19,19,20,20,20,18,19,19,21,20,19,19,18,19,18,18,17,16,5,0,0,0,0,0,0,0,0,0,5,15,16,17,17,18,19,19,20,21,22,23,23,23,23,22,22,21,21,23,23,22,22,21,22,23,24
-71,125,20,26,25,25,25,24,24,23,23,23,22,21,22,22,21,22,22,21,21,20,20,21,20,20,19,19,5,0,0,0,0,0,0,0,0,0,3,17,17,19,18,18,19,20,21,23,25,26,26,25,24,24,25,24,25,25,24,24,26,27,27,26,24
-73,125,20,24,24,27,27,25,25,25,23,23,23,23,22,20,23,25,24,22,22,21,21,21,21,21,20,20,5,0,0,0,0,0,0,0,0,0,4,17,18,19,20,21,22,24,25,25,27,27,28,26,25,25,26,26,24,24,26,27,25,25,25,25,25
-72,125,20,25,25,25,24,22,22,22,21,21,21,21,21,21,21,21,20,20,20,19,19,19,19,18,18,18,4,0,0,0,0,0,0,0,0,0,4,17,17,18,19,21,21,22,22,22,24,24,26,26,25,25,25,25,25,24,24,24,24,24,24,25,24
-72,125,20,21,22,21,21,21,21,21,21,22,21,18,17,18,18,19,20,19,18,18,18,17,17,17,17,17,3,0,0,0,0,0,0,0,0,0,4,16,16,17,17,17,19,19,20,21,21,21,22,22,23,22,23,22,22,22,22,22,21,22,22,22,23
-72,125,20,25,25,25,25,25,24,23,21,21,22,24,23,23,22,22,21,21,21,21,21,21,20,21,21,21,5,0,0,0,0,0,0,0,0,0,5,19,19,20,21,21,23,23,23,24,25,26,26,26,27,27,26,26,25,26,26,26,25,24,25,27,27
-73,125,20,23,23,23,22,22,21,22,24,25,23,21,20,20,20,20,20,20,20,20,20,20,19,19,18,18,4,0,0,0,0,0,0,0,0,0,4,17,17,18,18,19,21,21,22,22,23,24,24,25,25,24,24,24,23,24,24,23,23,22,22,24,25
-72,125,20,26,26,26,26,25,24,24,26,27,25,23,22,22,22,22,21,21,21,21,20,20,21,20,21,21,5,0,0,0,0,0,0,0,0,0,5,19,19,20,22,22,23,24,25,26,26,27,27,27,27,27,27,26,26,27,26,26,27,27,27,27,28
-72,125,20,23,23,23,22,21,20,20,21,21,20,19,19,19,18,18,18,18,18,18,17,17,17,17,17,16,4,0,0,0,0,0,0,0,0,0,3,15,16,18,18,17,18,19,20,21,21,22,23,23,23,24,23,22,20,20,21,22,22,22,22,22,22
-72,125,20,25,25,24,24,24,23,23,21,19,21,22,21,20,20,21,21,21,20,19,19,20,19,19,18,19,4,0,0,0,0,0,0,0,0,0,4,18,18,19,20,21,22,23,23,24,25,26,27,26,26,25,26,27,26,26,25,25,25,25,25,27,28
-72,125,20,25,25,23,23,23,23,23,24,23,22,22,22,21,21,21,21,20,20,20,19,20,19,19,19,18,4,0,0,0,0,0,0,0,0,0,4,18,18,18,20,21,21,21,22,23,24,26,25,25,25,24,24,25,24,24,24,24,23,23,23,25,25
-73,125,20,23,23,24,23,21,21,21,19,17,18,20,20,20,19,19,19,18,18,17,17,17,17,17,18,17,5,0,0,0,0,0,0,0,0,0,4,16,16,17,18,19,20,19,20,22,22,23,24,25,24,22,22,21,21,21,20,21,22,22,23,23,22
-72,125,20,25,25,25,24,24,24,24,23,25,24,23,21,22,22,22,22,22,22,21,20,19,19,19,19,19,5,0,0,0,0,0,0,0,0,0,5,18,19,19,20,21,23,24,23,24,25,26,26,26,26,26,26,26,25,25,25,25,25,25,25,26,27
-72,125,20,25,25,24,23,23,24,23,22,22,22,22,21,21,21,21,21,20,20,19,19,19,19,19,19,19,5,0,0,0,0,0,0,0,0,0,5,18,19,20,21,22,22,22,22,23,25,25,26,25,24,25,25,25,24,24,24,24,25,25,25,25,25
-72,125,20,23,23,22,21,21,21,20,20,20,19,19,19,19,19,19,19,18,18,18,18,17,17,17,17,17,4,0,0,0,0,0,0,0,0,0,4,17,18,18,20,20,21,21,22,23,23,24,24,24,23,22,23,23,22,22,23,23,23,22,22,22,22
-72,125,20,22,21,21,20,21,20,20,21,23,21,19,18,18,19,20,19,19,19,19,18,18,18,18,17,17,4,0,0,0,0,0,0,0,0,0,3,16,17,18,18,19,20,20,21,22,24,24,24,24,24,23,23,23,22,21,21,21,22,22,22,23,22
-72,125,20,22,21,21,21,21,21,21,22,24,23,21,20,20,21,22,21,21,20,19,19,19,19,20,19,19,5,0,0,0,0,0,0,0,0,0,5,19,18,19,20,20,22,22,23,23,24,25,24,23,23,23,23,24,24,24,24,23,23,23,24,23,23
-72,125,20,22,23,23,22,23,22,22,22,22,22,21,20,20,20,20,20,20,19,19,19,18,18,18,18,18,4,0,0,0,0,0,0,0,0,0,3,17,18,17,18,20,21,21,21,22,24,25,25,24,24,24,23,24,23,23,23,22,24,24,24,24,24
-72,125,20,23,23,22,22,22,21,21,19,19,20,21,21,20,20,21,21,21,20,20,20,19,18,18,18,18,4,0,0,0,0,0,0,0,0,0,3,15,16,18,19,20,21,22,23,22,23,24,25,24,22,20,22,22,23,25,25,24,22,21,23,25,24
-71,125,20,24,25,24,23,23,21,21,21,19,20,21,21,21,21,21,21,21,21,21,20,19,19,19,19,19,4,0,0,0,0,0,0,0,0,0,5,18,19,19,20,20,22,23,23,24,24,25,26,26,25,24,24,24,24,24,25,24,24,24,25,26,26
-71,125,20,24,24,24,24,23,24,22,20,19,20,21,21,21,21,21,21,21,20,19,19,18,19,19,18,18,4,0,0,0,0,0,0,0,0,0,3,17,17,19,19,20,21,22,22,23,24,25,26,25,25,25,24,25,25,24,24,24,24,24,26,25,25
-71,125,20,23,23,23,23,22,21,21,20,19,19,20,20,20,20,20,20,19,19,19,18,18,18,17,17,16,4,0,0,0,0,0,0,0,0,0,4,17,16,17,18,19,20,20,21,22,23,24,24,24,23,23,23,23,22,22,22,23,23,22,23,24,24
-71,125,20,24,24,24,23,22,22,22,21,22,21,21,21,21,21,20,20,20,20,20,19,18,19,18,17,18,5,0,0,0,0,0,0,0,0,0,4,17,17,18,20,20,21,21,21,22,23,24,25,25,25,25,25,24,23,24,24,23,23,23,23,24,25
-70,125,20,26,26,26,25,26,25,24,22,21,23,24,24,22,22,22,23,23,22,21,21,20,20,20,20,20,5,0,0,0,0,0,0,0,0,0,5,19,19,20,21,21,22,24,24,24,26,26,27,26,25,25,25,25,25,26,25,25,25,24,25,26,26
-70,125,20,23,23,23,23,22,22,21,20,21,21,20,20,21,21,20,19,19,19,18,18,18,18,18,18,17,5,0,0,0,0,0,0,0,0,0,4,16,16,17,18,19,19,20,21,22,23,24,24,23,23,23,23,23,22,23,22,22,23,23,23,24,24
-70,125,20,26,26,25,24,24,23,23,23,22,23,24,24,24,23,23,22,22,22,22,22,21,20,20,19,19,5,0,0,0,0,0,0,0,0,0,5,18,19,19,20,21,22,23,23,24,24,25,25,25,25,26,26,25,24,25,25,25,25,25,26,26,27
-71,125,20,27,27,26,26,25,25,24,23,21,23,23,23,23,23,23,22,22,22,22,22,21,20,21,21,21,6,0,0,0,0,0,0,0,0,0,5,19,19,20,21,21,22,23,23,24,24,24,25,26,26,26,26,25,25,25,25,25,25,25,26,27,28
-70,125,20,22,22,22,21,21,21,21,20,20,20,19,19,19,19,19,19,19,18,18,19,18,18,18,17,16,4,0,0,0,0,0,0,0,0,0,4,16,16,16,17,17,18,19,20,20,20,22,22,21,21,21,21,21,22,20,21,21,20,20,21,21,20
-71,125,20,23,23,22,22,22,22,22,20,20,22,21,21,21,21,21,20,21,20,20,18,18,18,18,18,17,4,0,0,0,0,0,0,0,0,0,3,17,17,18,18,19,20,21,21,21,22,24,25,24,23,23,23,22,22,22,22,22,22,22,23,24,24
-71,125,20,25,25,23,23,23,22,22,23,24,23,22,21,21,21,21,21,20,20,19,19,19,19,18,18,17,4,0,0,0,0,0,0,0,0,0,4,18,18,18,19,21,21,21,22,23,23,23,24,24,24,24,24,24,24,23,23,23,23,23,23,24,24
-71,125,20,24,25,25,23,23,22,22,22,24,22,21,21,20,21,21,21,21,21,20,20,19,18,18,18,18,5,0,0,0,0,0,0,0,0,0,4,18,19,20,21,22,22,22,22,23,24,25,26,26,26,26,25,25,24,24,24,24,24,24,25,26,27
-70,125,20,27,28,27,26,26,26,25,25,26,25,25,25,25,25,25,25,24,24,24,23,23,22,21,21,22,6,0,0,0,0,0,0,0,0,0,5,20,21,21,22,22,23,24,25,25,26,27,27,26,27,26,26,25,25,26,26,25,25,25,26,27,27
-71,125,20,24,24,24,23,22,22,22,23,24,24,23,22,22,21,21,22,21,21,21,20,20,19,20,19,19,5,0,0,0,0,0,0,0,0,0,4,17,18,19,19,19,20,22,22,22,23,24,25,25,25,24,24,23,23,23,23,23,23,23,24,24,26
-72,125,20,22,22,22,22,22,22,22,21,20,21,21,21,20,20,21,21,20,19,19,19,19,18,18,18,17,5,0,0,0,0,0,0,0,0,0,4,17,17,18,19,19,20,20,21,21,22,23,24,23,23,23,22,23,23,23,22,22,22,22,23,24,24
-72,125,20,21,21,21,21,20,20,20,18,17,18,19,19,20,19,19,19,19,18,18,18,17,17,17,16,16,3,0,0,0,0,0,0,0,0,0,3,15,16,16,16,18,19,20,20,21,21,22,23,23,23,23,21,21,21,21,21,21,20,21,21,22,22
-73,125,20,23,23,23,22,21,21,21,22,23,22,20,20,20,20,21,20,19,18,19,19,18,18,19,19,18,5,0,0,0,0,0,0,0,0,0,4,16,17,18,19,20,20,21,21,22,22,23,24,23,22,22,22,22,21,22,22,22,22,22,23,23,23
-72,125,20,24,25,25,25,26,24,22,23,24,23,21,21,21,22,21,21,21,21,21,20,19,20,20,19,19,4,0,0,0,0,0,0,0,0,0,5,22,23,22,21,20,22,22,24,25,24,25,25,25,25,24,24,24,23,23,23,22,21,21,22,23,24
-72,125,20,23,23,24,24,23,23,23,23,23,23,22,21,22,23,23,23,23,23,21,21,21,21,21,20,19,5,0,0,0,0,0,0,0,0,0,5,19,20,19,17,17,20,24,24,24,25,25,25,25,24,25,24,23,22,23,23,24,24,24,24,25,25
-72,125,20,22,21,22,21,21,20,19,19,20,20,19,18,18,19,19,19,18,18,17,17,17,18,18,17,16,3,0,0,0,0,0,0,0,0,0,3,15,15,15,16,16,17,18,19,20,22,23,21,20,20,20,20,21,21,21,20,21,20,20,21,22,21
-74,125,20,24,24,24,25,25,24,23,22,23,22,21,21,22,22,22,22,22,21,21,21,20,21,22,22,21,4,0,0,0,0,0,0,0,0,0,4,19,20,20,21,21,23,24,24,25,26,27,27,27,25,25,25,25,24,23,23,23,23,23,24,25,26
-72,125,20,24,22,22,24,24,23,23,23,23,22,21,21,21,21,21,21,21,21,21,20,19,19,19,20,19,5,0,0,0,0,0,0,0,0,0,4,17,18,18,20,20,21,22,22,22,23,24,25,25,24,24,23,23,23,23,22,23,24,23,24,24,24
-72,125,20,25,25,24,24,24,24,24,21,19,21,23,22,23,22,22,21,22,22,21,21,20,20,20,20,19,5,0,0,0,0,0,0,0,0,0,4,19,20,21,22,23,25,25,25,26,26,27,28,27,28,27,27,26,25,25,26,25,24,24,25,26,27
-71,125,20,23,24,24,23,22,22,23,22,23,22,21,20,20,20,21,20,20,19,19,19,19,19,18,19,19,4,0,0,0,0,0,0,0,0,0,3,17,18,19,20,21,22,22,23,24,25,25,25,25,25,24,25,23,23,24,23,23,23,24,25,25,24
-72,125,20,25,25,25,25,25,24,24,23,23,24,24,23,24,24,24,23,23,24,23,22,21,21,21,21,21,6,0,0,0,0,0,0,0,0,0,5,21,21,21,22,23,24,25,25,25,26,26,28,27,26,26,27,25,25,25,24,25,25,25,25,26,26
-72,125,20,22,21,21,21,21,20,20,19,19,19,19,19,19,20,20,20,19,19,19,18,18,18,18,17,17,4,0,0,0,0,0,0,0,0,0,4,16,17,18,18,20,21,21,21,22,23,24,24,24,22,22,21,22,20,20,22,23,24,23,23,23,23
-72,125,20,22,22,22,22,21,21,20,18,17,19,19,18,19,19,20,20,20,19,19,19,18,17,17,17,17,3,0,0,0,0,0,0,0,0,0,3,16,16,17,18,19,20,21,21,22,22,23,23,23,23,23,22,22,21,21,21,21,21,22,22,23,23
-72,125,20,27,26,25,24,25,24,24,23,21,22,23,23,23,23,23,22,23,23,21,22,21,20,20,21,21,5,0,0,0,0,0,0,0,0,0,4,19,20,21,22,22,23,25,25,26,26,26,27,27,27,28,27,26,25,26,26,26,26,25,26,27,28
-72,125,20,26,26,25,25,25,24,24,23,23,24,24,23,23,23,24,24,24,24,22,21,21,21,21,20,19,4,0,0,0,0,0,0,0,0,0,4,19,19,20,21,23,24,25,25,25,27,27,28,27,27,27,27,26,26,26,26,26,25,25,26,26,26
-72,125,20,25,24,23,22,22,22,22,19,19,20,21,22,22,21,21,21,21,21,20,21,20,19,20,19,19,5,0,0,0,0,0,0,0,0,0,5,18,18,18,20,21,22,22,22,23,24,24,24,24,24,24,24,24,24,24,24,24,23,22,24,25,25
-72,125,20,23,23,22,23,22,22,22,22,23,23,21,21,21,21,21,21,21,20,20,19,19,18,19,19,18,4,0,0,0,0,0,0,0,0,0,4,17,17,19,19,20,21,22,22,23,23,23,24,25,24,23,23,24,22,22,22,22,21,21,22,23,24
-72,125,20,23,22,23,22,21,21,21,20,19,20,20,20,20,20,21,21,20,19,19,19,18,19,18,18,17,4,0,0,0,0,0,0,0,0,0,3,15,17,18,19,19,20,22,23,23,25,25,24,24,24,24,23,23,22,21,21,21,22,22,23,23,24
-72,125,20,21,22,22,22,22,21,20,22,23,23,21,19,19,19,20,19,19,19,19,18,18,17,17,17,17,4,0,0,0,0,0,0,0,0,0,3,17,17,17,18,19,21,20,21,22,22,24,23,23,23,23,23,23,21,21,22,22,22,21,22,22,23
-72,125,20,23,24,23,23,23,23,22,22,23,23,21,20,20,20,21,21,21,20,20,19,18,19,20,19,19,5,0,0,0,0,0,0,0,0,0,5,18,18,19,20,21,21,22,23,23,24,25,25,25,24,23,23,23,23,23,23,23,23,23,24,24,23
-72,125,20,25,25,24,23,23,23,23,22,21,22,22,23,22,22,21,21,21,20,20,20,20,20,19,19,19,5,0,0,0,0,0,0,0,0,0,5,19,19,21,21,21,22,23,24,24,25,25,25,25,25,25,26,26,25,24,23,24,24,24,25,25,26
-72,125,20,24,23,22,23,22,21,22,22,24,23,21,21,20,20,21,21,21,20,20,19,19,18,19,19,19,5,0,0,0,0,0,0,0,0,0,4,19,20,21,21,21,22,23,23,25,25,25,24,23,22,23,24,22,23,23,24,23,22,21,22,23,22
-74,125,20,24,24,23,23,23,23,22,22,23,22,21,21,21,21,21,19,18,18,17,17,17,18,17,17,17,4,0,0,0,0,0,0,0,0,0,5,20,20,20,21,22,22,23,25,26,27,27,27,27,26,26,26,26,26,25,24,24,24,24,24,25,25
-74,125,20,24,25,24,23,22,22,21,22,24,23,21,21,21,22,22,21,20,20,20,20,19,18,18,18,18,5,0,0,0,0,0,0,0,0,0,5,19,19,19,21,22,22,23,24,25,26,26,27,26,25,26,25,24,24,25,25,25,25,24,25,26,26
-73,125,20,23,23,23,22,23,22,21,20,19,20,20,20,20,20,20,20,20,20,20,19,18,18,18,19,18,5,0,0,0,0,0,0,0,0,0,4,17,19,19,21,20,22,23,23,24,25,26,26,26,25,24,24,24,23,24,24,24,24,23,23,23,24
-73,125,20,24,24,22,22,23,23,22,21,22,21,21,21,22,21,21,21,21,20,20,19,18,18,18,17,17,4,0,0,0,0,0,0,0,0,0,4,17,18,18,18,19,20,21,21,23,23,25,25,24,24,23,23,23,24,24,24,23,23,23,24,25,25
-78,125,20,21,22,23,23,24,24,24,20,18,21,23,22,23,22,22,22,22,23,23,24,24,23,22,22,23,6,0,0,0,0,0,0,0,0,0,4,18,20,20,21,22,23,23,23,23,23,24,25,25,25,24,23,23,22,23,23,23,22,21,21,22,24
-78,125,20,21,21,22,24,24,24,24,20,19,21,22,22,22,22,23,23,22,21,22,22,22,23,23,22,23,6,0,0,0,0,0,0,0,0,0,5,18,18,20,21,22,24,24,24,24,24,26,26,27,26,25,24,24,23,22,23,24,24,22,21,21,21
-77,125,20,21,21,22,23,23,22,21,21,22,22,22,22,22,22,22,22,22,21,21,20,20,20,20,20,20,5,0,0,0,0,0,0,0,0,0,4,16,16,17,19,20,20,19,21,22,23,24,24,22,22,22,22,22,22,21,21,21,20,19,19,20,20
-77,125,20,25,25,25,24,25,25,24,20,19,22,24,25,25,24,23,23,23,23,22,23,22,22,23,23,22,6,0,0,0,0,0,0,0,0,0,5,18,19,20,21,22,23,23,24,25,25,24,23,24,24,24,24,24,24,24,23,23,21,21,22,24,25
-77,125,20,24,23,23,23,22,22,23,23,23,23,23,22,20,21,22,22,22,21,22,23,22,22,21,21,21,5,0,0,0,0,0,0,0,0,0,3,17,16,17,19,21,22,23,23,24,25,24,24,23,23,23,24,22,21,21,21,21,21,21,23,22,22
-77,125,20,22,22,23,23,23,23,24,21,17,20,22,23,21,20,23,24,23,22,22,22,22,22,22,22,22,5,0,0,0,0,0,0,0,0,0,3,14,15,17,18,20,20,20,21,22,22,24,24,24,24,23,23,23,22,22,21,21,21,21,21,22,22
-77,125,20,25,26,24,23,23,25,25,27,29,26,23,23,23,23,22,24,25,25,23,25,24,23,24,24,24,7,0,0,0,0,0,0,0,0,0,5,18,19,21,23,23,23,24,25,26,26,27,27,27,26,26,26,26,25,25,25,23,24,24,24,24,23
-71,125,20,23,22,22,22,21,21,21,22,23,21,20,19,20,20,20,20,19,19,19,19,19,19,18,17,17,4,0,0,0,0,0,0,0,0,0,4,17,17,18,18,19,19,20,21,22,22,22,23,24,23,22,23,22,21,21,22,22,22,22,23,23,23
-71,125,20,22,22,22,21,21,21,20,19,18,18,19,19,19,19,20,20,20,19,19,19,19,17,17,17,17,4,0,0,0,0,0,0,0,0,0,3,16,16,18,18,19,20,21,22,22,22,23,23,23,22,23,23,22,21,21,22,22,22,21,21,23,23
-71,125,20,25,25,25,25,24,23,23,23,23,23,22,22,22,23,23,23,22,21,21,21,21,21,20,20,19,4,0,0,0,0,0,0,0,0,0,4,19,19,19,20,21,22,23,23,24,25,26,26,27,26,26,26,25,25,25,25,25,25,25,25,27,27
-71,125,20,25,25,24,23,24,23,23,21,19,20,20,20,21,20,20,21,21,20,20,19,18,18,19,18,17,4,0,0,0,0,0,0,0,0,0,4,17,18,18,20,21,22,23,24,24,25,25,25,25,24,24,23,24,24,24,24,24,24,25,26,26,25
-71,125,20,26,25,24,23,24,23,22,22,21,21,21,21,21,21,21,20,20,19,18,19,18,17,17,17,17,4,0,0,0,0,0,0,0,0,0,4,18,18,19,20,20,21,22,23,23,24,24,25,25,25,24,24,25,25,25,26,25,24,24,24,25,26
-71,125,20,22,22,22,21,22,22,21,19,18,20,21,20,20,19,20,20,19,19,19,18,18,18,18,18,18,4,0,0,0,0,0,0,0,0,0,3,17,18,19,19,19,21,22,23,23,23,24,24,25,24,24,23,22,22,22,24,24,23,22,23,25,25
-71,125,20,23,23,23,23,23,23,22,22,22,22,21,20,20,20,21,21,21,20,19,18,18,19,18,18,18,4,0,0,0,0,0,0,0,0,0,4,17,18,19,19,20,21,21,21,22,23,24,25,25,23,24,24,24,23,23,22,22,23,23,23,24,24
-72,125,20,24,24,24,23,22,22,21,23,24,23,20,20,20,20,20,20,20,19,19,19,18,18,18,17,17,4,0,0,0,0,0,0,0,0,0,4,18,18,18,20,21,21,22,23,23,23,24,24,25,24,24,24,23,23,24,24,23,23,23,24,25,26
-72,125,20,25,25,24,23,23,23,23,22,24,23,22,22,21,21,21,22,21,20,19,19,19,19,20,19,19,5,0,0,0,0,0,0,0,0,0,5,19,19,20,21,21,22,22,23,24,24,25,26,26,25,25,24,24,24,25,25,24,24,23,25,26,25
-72,125,20,25,24,23,23,22,22,22,23,24,22,20,20,21,21,21,20,20,20,20,19,19,18,18,18,18,4,0,0,0,0,0,0,0,0,0,4,18,18,19,20,20,21,21,22,23,23,24,25,25,24,23,23,22,23,23,23,23,23,23,24,25,26
-72,125,20,24,24,23,23,24,23,22,22,22,22,21,21,21,20,20,20,20,20,19,19,18,18,19,18,18,4,0,0,0,0,0,0,0,0,0,3,17,17,18,19,20,20,21,22,23,23,23,24,25,24,24,24,23,23,23,23,24,24,24,24,25,25
-72,125,20,25,24,23,23,23,23,22,22,23,21,21,21,21,21,21,21,20,20,20,20,20,19,18,18,18,4,0,0,0,0,0,0,0,0,0,4,18,18,19,19,20,21,21,21,22,23,25,25,25,25,24,24,24,23,23,23,24,24,24,25,25,26
-71,125,20,25,25,24,23,23,23,22,22,21,21,21,22,22,22,21,21,21,20,20,20,20,19,19,19,19,4,0,0,0,0,0,0,0,0,0,4,18,18,19,20,21,21,22,22,23,23,25,25,25,25,24,25,25,24,24,25,24,24,24,24,25,25
-71,125,20,24,25,24,23,23,22,22,20,18,21,21,21,21,21,21,21,21,21,21,20,19,19,19,18,18,4,0,0,0,0,0,0,0,0,0,5,18,18,20,20,20,21,22,23,22,23,25,25,25,25,25,25,25,23,23,25,24,24,24,24,25,26
-72,125,20,24,25,24,24,24,23,23,22,22,22,22,21,22,22,22,22,21,21,21,21,20,20,20,19,18,5,0,0,0,0,0,0,0,0,0,5,18,19,19,20,21,22,22,23,25,25,26,26,25,25,26,25,24,24,25,25,24,25,25,25,25,26
-72,125,20,23,23,23,23,23,22,21,20,21,21,20,20,20,21,21,21,20,19,19,19,19,19,18,18,17,3,0,0,0,0,0,0,0,0,0,3,17,18,18,19,20,21,22,22,22,23,24,25,25,24,24,24,24,23,23,23,23,23,23,23,25,25
-72,125,20,26,25,24,24,23,22,22,23,25,24,22,21,20,21,21,21,20,20,20,20,20,19,19,19,19,5,0,0,0,0,0,0,0,0,0,5,18,18,19,19,20,21,22,23,23,25,25,26,25,24,23,23,23,23,23,23,23,25,25,25,25,26
-72,125,20,25,25,24,24,23,23,22,25,26,25,22,21,21,21,21,21,21,20,21,20,19,19,19,19,18,5,0,0,0,0,0,0,0,0,0,5,18,18,19,20,21,22,22,23,24,25,25,26,26,26,25,26,25,24,24,25,25,25,25,25,26,26
-72,125,20,22,23,23,22,22,23,22,20,18,19,21,21,20,19,19,19,19,18,18,17,17,17,17,17,16,3,0,0,0,0,0,0,0,0,0,4,17,17,18,18,20,20,21,21,23,24,24,25,25,23,23,23,22,22,22,22,23,24,24,24,24,24
-72,125,20,25,25,23,23,23,23,22,22,22,21,21,22,21,20,20,20,20,20,19,18,18,17,17,18,17,4,0,0,0,0,0,0,0,0,0,4,17,18,19,19,20,21,22,22,23,24,25,24,24,25,25,25,24,23,23,23,23,24,24,25,25,25
-72,125,20,25,25,24,24,25,23,23,21,19,20,22,22,22,21,21,21,21,20,19,19,19,19,18,19,19,5,0,0,0,0,0,0,0,0,0,5,18,18,19,20,21,21,22,23,23,24,25,25,25,25,24,24,24,25,25,25,25,25,25,26,26,27
-72,125,20,25,25,23,23,23,23,22,23,25,24,21,21,21,21,22,22,21,20,20,20,19,18,18,17,18,4,0,0,0,0,0,0,0,0,0,5,18,19,19,20,20,21,22,22,22,24,24,24,25,24,24,24,25,24,24,24,23,24,24,24,25,24
-72,125,20,25,25,25,25,24,23,23,24,25,24,22,22,22,21,21,21,21,20,20,20,20,18,18,19,18,5,0,0,0,0,0,0,0,0,0,5,19,19,19,20,21,22,23,24,24,25,25,25,25,25,25,25,24,24,24,23,24,25,25,25,26,25
-72,125,20,24,23,23,23,23,22,21,21,21,21,20,19,20,20,20,20,20,19,19,18,18,17,17,17,18,3,0,0,0,0,0,0,0,0,0,4,17,17,18,18,19,20,21,22,22,23,23,24,24,24,23,23,23,23,23,23,23,23,23,24,24,25
-72,125,20,23,24,23,22,22,22,21,21,22,21,21,20,20,20,20,20,19,19,19,18,18,17,18,18,17,4,0,0,0,0,0,0,0,0,0,4,17,17,18,20,21,21,21,21,22,23,23,24,25,24,23,23,23,23,23,24,24,25,24,24,25,25
-72,125,20,25,25,25,24,23,23,22,21,22,22,21,21,21,21,21,21,20,20,19,19,18,18,18,18,19,4,0,0,0,0,0,0,0,0,0,4,17,18,18,20,21,22,22,23,23,24,24,25,25,24,24,25,25,24,24,24,24,23,23,24,25,25
-72,125,20,25,25,24,24,24,23,22,22,23,22,21,21,21,21,21,20,20,20,20,20,19,19,18,18,18,4,0,0,0,0,0,0,0,0,0,4,18,18,18,19,20,20,21,22,23,24,25,25,25,25,24,24,24,24,24,24,24,24,23,24,25,26
-72,125,20,25,24,24,24,23,22,22,23,24,22,21,21,21,21,21,22,21,20,20,20,20,20,19,18,18,5,0,0,0,0,0,0,0,0,0,4,18,19,19,19,21,21,22,22,23,23,24,24,25,25,24,25,24,23,23,24,24,24,23,25,26,26
-71,125,20,23,22,22,22,21,21,21,20,19,20,21,21,21,20,20,20,20,19,18,17,18,17,17,18,18,5,0,0,0,0,0,0,0,0,0,5,17,17,18,18,19,21,21,21,21,22,23,23,23,23,23,23,22,22,22,22,22,22,23,24,24,24
-71,125,20,24,24,24,23,24,23,22,20,19,20,21,21,21,20,20,20,20,19,19,19,19,19,18,17,17,4,0,0,0,0,0,0,0,0,0,3,18,18,19,19,20,21,22,23,24,24,25,25,25,25,25,24,23,23,24,24,23,24,23,24,25,25
-71,125,20,25,25,25,25,25,24,24,24,24,24,24,23,23,22,22,22,22,22,22,21,20,20,20,19,19,5,0,0,0,0,0,0,0,0,0,5,19,20,21,21,22,23,24,24,25,25,25,26,26,26,25,25,25,25,26,26,26,25,24,26,27,27
-72,125,20,22,22,21,21,21,21,20,19,17,18,20,20,19,19,19,19,18,18,17,17,17,17,17,17,16,4,0,0,0,0,0,0,0,0,0,3,15,16,17,17,19,19,20,21,21,21,21,22,23,22,22,22,22,21,21,21,21,22,21,21,24,24
-71,125,20,24,24,24,23,23,21,21,23,24,23,20,22,22,22,22,21,20,20,20,19,19,19,19,18,19,4,0,0,0,0,0,0,0,0,0,3,17,18,18,19,19,20,22,22,22,24,25,24,24,24,24,23,23,23,25,25,25,24,23,24,25,25
-71,125,20,25,26,24,23,23,23,23,22,22,22,21,20,21,21,21,21,21,21,20,19,19,18,18,18,17,4,0,0,0,0,0,0,0,0,0,4,17,17,18,19,21,22,22,22,23,25,26,25,24,24,25,25,25,25,24,24,23,23,24,24,25,26
-72,125,20,21,21,21,21,21,21,20,19,20,20,19,19,19,19,19,19,19,19,18,17,17,16,16,17,16,3,0,0,0,0,0,0,0,0,0,4,16,17,17,18,18,19,19,19,20,20,21,22,22,22,22,21,21,21,21,21,21,21,20,21,22,22
-71,125,20,24,24,23,23,23,23,22,23,24,23,22,21,21,21,20,20,19,19,19,18,19,19,19,18,17,4,0,0,0,0,0,0,0,0,0,4,17,18,19,20,20,21,22,22,23,23,24,24,24,24,24,25,25,24,23,24,24,24,24,25,25,26
-72,125,20,25,25,26,25,24,24,23,23,22,21,22,21,20,21,22,22,22,21,21,20,19,19,18,19,19,5,0,0,0,0,0,0,0,0,0,5,19,20,20,21,22,23,23,24,25,26,27,27,27,26,26,26,26,26,26,25,25,25,25,26,27,27
-73,125,20,25,25,24,23,23,23,23,22,22,22,22,21,21,21,21,20,19,20,19,19,19,18,18,18,18,5,0,0,0,0,0,0,0,0,0,5,18,18,18,19,20,22,22,22,24,25,25,25,25,25,25,24,23,23,24,24,25,23,23,24,25,25
-73,125,20,26,26,25,23,23,23,22,23,23,22,21,21,22,22,22,21,20,20,19,19,19,19,19,19,19,5,0,0,0,0,0,0,0,0,0,5,17,18,20,21,22,23,23,24,25,25,26,26,26,26,25,26,25,25,26,26,26,26,25,25,26,27
-72,125,20,25,24,24,23,24,22,22,24,26,23,20,19,21,20,20,20,20,19,18,18,18,17,18,17,17,4,0,0,0,0,0,0,0,0,0,4,18,18,18,20,20,21,23,23,25,24,24,26,26,26,26,26,25,24,24,25,25,24,24,24,26,27
-73,125,20,26,25,25,24,24,24,24,25,26,26,23,22,22,21,22,21,20,20,19,20,20,18,19,19,19,5,0,0,0,0,0,0,0,0,0,5,19,19,21,21,22,23,23,24,25,26,26,26,26,26,26,26,26,25,25,25,25,26,26,27,27,26
-72,125,20,25,26,25,24,24,24,24,21,21,22,22,22,21,22,21,21,21,21,20,19,19,19,18,18,19,5,0,0,0,0,0,0,0,0,0,5,20,20,21,22,22,23,24,25,26,26,27,27,27,27,26,27,27,27,27,26,25,24,24,25,26,27
-72,125,20,25,24,24,24,25,25,25,22,21,22,23,22,21,22,23,22,22,20,20,20,20,20,20,19,19,5,0,0,0,0,0,0,0,0,0,5,19,20,21,21,22,24,25,25,25,27,26,26,27,27,27,27,26,25,25,25,25,25,25,26,26,26
-72,125,20,25,24,24,24,23,22,21,20,19,21,22,21,20,20,21,20,20,20,20,19,19,19,18,17,17,5,0,0,0,0,0,0,0,0,0,4,17,17,18,19,20,21,22,22,22,24,25,25,25,24,25,25,25,24,24,24,24,24,25,25,25,26
-72,125,20,22,22,22,21,21,21,21,19,18,19,20,20,20,20,20,19,19,18,17,18,17,17,17,17,17,5,0,0,0,0,0,0,0,0,0,4,16,17,17,18,19,20,20,20,21,22,23,23,23,22,22,23,22,22,22,22,22,23,22,22,23,24
-72,125,20,24,24,23,22,22,22,22,21,19,20,20,22,22,20,20,20,21,19,19,18,18,18,18,17,17,3,0,0,0,0,0,0,0,0,0,4,17,17,19,20,20,20,21,21,22,23,24,24,23,24,24,24,22,23,23,23,24,23,23,24,24,24
-72,125,20,24,24,24,24,23,23,22,23,24,23,21,21,21,21,21,21,21,21,19,19,19,19,19,19,19,5,0,0,0,0,0,0,0,0,0,5,18,19,19,20,21,22,23,23,23,24,25,25,25,24,24,25,25,24,24,24,25,24,24,25,25,27
-72,125,20,24,23,23,23,23,22,21,21,20,20,21,20,20,20,21,21,21,20,20,18,17,17,17,18,18,5,0,0,0,0,0,0,0,0,0,4,17,18,18,20,20,20,22,22,23,23,25,25,24,24,24,24,24,23,24,24,23,24,23,24,24,24
-72,125,20,25,24,24,24,24,24,23,22,21,22,22,21,22,22,21,21,21,21,20,20,20,19,19,18,18,5,0,0,0,0,0,0,0,0,0,5,18,19,20,20,20,21,23,23,23,23,25,25,25,25,24,24,24,24,24,24,23,23,23,25,25,25
-72,125,20,24,22,22,22,22,22,21,22,24,23,21,20,21,21,21,21,20,20,20,20,20,19,18,17,17,4,0,0,0,0,0,0,0,0,0,4,17,18,18,19,19,20,21,22,22,22,23,24,24,23,23,23,23,23,22,22,22,23,23,24,24,24
-72,125,20,26,25,24,24,24,24,23,22,23,23,22,22,22,21,22,22,22,21,20,20,19,19,19,19,18,5,0,0,0,0,0,0,0,0,0,5,18,19,19,20,20,19,20,22,22,22,24,26,26,25,24,25,25,24,23,24,24,25,25,25,26,28
-72,125,20,23,22,23,23,23,22,22,21,20,21,22,22,22,22,22,22,21,20,20,20,19,19,18,18,17,4,0,0,0,0,0,0,0,0,0,5,18,18,18,18,19,20,21,23,24,24,22,24,24,24,24,24,24,23,22,21,23,24,24,23,23,23
-72,125,20,24,24,24,23,22,22,20,21,22,21,21,20,20,20,21,20,20,20,19,19,19,18,18,18,19,4,0,0,0,0,0,0,0,0,0,4,17,17,18,18,19,19,20,20,21,22,23,24,23,24,23,23,22,22,23,24,24,24,23,23,23,23
-70,125,20,26,26,25,25,25,24,23,23,24,24,22,23,23,22,22,22,21,21,21,21,21,19,19,19,19,5,0,0,0,0,0,0,0,0,0,5,18,19,19,20,21,23,23,24,25,26,27,27,27,27,27,26,26,26,26,25,25,25,25,25,27,28
-72,125,20,24,23,23,22,22,23,21,19,19,20,21,21,21,21,20,19,19,19,19,18,18,18,19,18,18,4,0,0,0,0,0,0,0,0,0,4,17,18,18,19,20,21,21,22,23,24,25,25,24,24,24,24,24,23,24,24,24,23,24,25,25,25
-72,125,20,25,25,24,24,24,24,23,23,24,23,22,21,22,21,21,21,21,21,20,19,19,19,19,18,17,5,0,0,0,0,0,0,0,0,0,5,18,18,19,20,21,22,23,24,24,24,25,25,25,25,26,26,24,25,25,25,24,24,24,25,26,25
-73,125,20,23,25,25,25,24,23,23,23,26,25,23,22,21,21,21,21,21,21,21,19,18,18,19,18,18,5,0,0,0,0,0,0,0,0,0,4,18,18,18,19,19,20,21,22,23,24,25,25,25,24,24,25,25,24,24,25,24,24,24,25,25,24
-73,125,20,23,24,23,23,23,23,22,22,22,22,23,22,22,22,20,20,20,20,19,19,18,18,18,17,17,4,0,0,0,0,0,0,0,0,0,5,17,18,18,20,20,20,21,22,23,24,24,24,25,25,24,24,24,23,24,24,24,23,23,23,25,26
-73,125,20,25,25,24,23,24,24,24,25,25,24,23,23,23,22,22,22,21,20,20,20,20,20,19,20,20,5,0,0,0,0,0,0,0,0,0,4,18,18,19,20,21,21,23,24,24,25,25,26,25,25,25,25,24,24,26,26,25,25,25,25,26,27
-73,125,20,24,25,25,24,25,24,23,25,27,25,24,24,22,22,23,23,22,22,21,20,20,21,20,20,19,4,0,0,0,0,0,0,0,0,0,4,19,19,19,20,21,22,22,23,23,24,24,25,25,25,25,25,24,24,24,25,24,24,25,25,26,25
-73,125,20,25,25,25,24,24,25,25,27,28,27,24,23,23,23,24,24,24,23,22,22,21,21,21,20,20,5,0,0,0,0,0,0,0,0,0,5,19,19,20,21,21,22,23,23,24,26,26,26,26,26,26,25,24,23,24,25,25,25,25,25,26,26
-72,125,20,23,24,23,23,22,22,21,22,21,21,20,20,20,20,20,20,20,19,18,18,19,18,18,18,17,4,0,0,0,0,0,0,0,0,0,3,18,16,17,18,20,20,20,20,21,22,23,24,24,23,23,24,24,23,23,23,23,22,22,23,24,25
-71,125,20,26,26,25,25,24,24,24,25,25,24,22,22,21,21,21,21,20,20,21,20,20,20,19,18,18,4,0,0,0,0,0,0,0,0,0,4,18,18,20,20,21,22,23,24,24,26,25,26,25,25,25,25,25,24,25,24,25,26,25,24,25,25
-72,125,20,25,25,23,23,23,22,22,20,20,21,21,20,20,20,20,20,20,19,19,19,18,17,17,17,18,4,0,0,0,0,0,0,0,0,0,3,16,16,18,18,19,21,22,21,22,23,23,24,24,25,24,23,24,23,23,23,23,22,22,24,25,25
-72,125,20,24,24,23,23,22,22,21,22,23,21,21,20,21,21,20,20,20,20,19,19,19,18,18,17,18,4,0,0,0,0,0,0,0,0,0,4,17,17,17,18,20,21,21,21,22,22,24,23,24,24,23,23,23,21,22,22,23,23,23,23,25,24
-70,125,20,25,25,24,24,24,24,23,22,21,21,22,21,21,21,22,22,21,20,20,19,18,19,18,18,18,4,0,0,0,0,0,0,0,0,0,4,16,17,18,19,20,21,22,23,23,24,24,24,24,24,24,24,24,23,23,23,24,23,23,24,25,26
-72,125,20,25,24,24,24,23,23,23,20,19,21,22,21,21,21,21,21,21,20,20,19,19,19,18,18,17,4,0,0,0,0,0,0,0,0,0,4,17,17,18,20,20,20,22,21,22,23,24,24,23,23,23,23,23,23,23,23,24,24,23,25,26,25
-72,125,20,25,24,24,24,24,24,24,23,24,23,23,23,22,21,21,22,22,21,21,20,19,19,19,19,19,5,0,0,0,0,0,0,0,0,0,5,17,18,19,20,20,21,21,21,23,23,24,25,24,24,23,24,24,24,24,24,24,24,23,25,26,26
-72,125,20,23,24,24,23,23,22,22,24,24,23,21,21,21,21,21,21,20,19,19,18,18,18,17,17,17,4,0,0,0,0,0,0,0,0,0,4,16,17,18,18,20,21,21,21,22,23,24,25,24,23,23,24,23,23,23,23,23,23,24,24,25,24
-72,125,20,23,23,23,22,21,22,21,21,21,21,21,20,20,20,20,20,19,18,18,18,18,16,16,17,17,4,0,0,0,0,0,0,0,0,0,3,16,16,17,17,18,19,20,21,22,23,22,22,23,23,23,22,22,22,22,23,23,22,22,22,23,23
-72,125,20,25,25,25,24,24,24,23,21,19,20,22,22,22,21,21,21,21,20,20,19,19,18,19,19,19,5,0,0,0,0,0,0,0,0,0,5,18,18,19,19,20,21,21,22,23,24,24,24,25,24,24,25,24,23,23,23,24,24,24,25,25,26
-72,125,20,23,23,22,22,23,22,21,22,23,23,21,20,20,20,20,20,20,18,18,17,18,18,18,18,17,4,0,0,0,0,0,0,0,0,0,3,17,17,18,17,19,20,21,22,22,22,23,23,23,23,23,23,22,22,22,22,23,23,23,23,24,25
-72,125,20,24,24,24,24,24,23,22,21,20,21,22,22,21,21,21,21,20,20,19,19,18,18,19,18,18,5,0,0,0,0,0,0,0,0,0,5,17,17,18,20,21,21,20,22,21,22,24,26,26,26,24,24,24,24,24,24,23,23,23,24,26,26
-72,125,20,25,25,24,23,23,23,22,21,21,21,21,21,21,21,21,20,20,20,19,19,18,18,18,18,18,5,0,0,0,0,0,0,0,0,0,4,17,18,19,20,20,21,22,22,23,24,25,26,25,25,25,25,25,24,24,24,24,24,24,25,26,26
-72,125,20,23,23,22,22,22,21,21,20,21,20,19,18,18,19,19,19,19,18,18,17,17,17,17,17,17,4,0,0,0,0,0,0,0,0,0,4,17,17,18,19,19,20,21,21,22,23,24,24,24,24,24,24,23,23,23,23,22,22,23,24,24,23
-72,125,20,24,24,23,23,23,22,22,23,25,23,22,22,21,20,20,21,21,21,20,19,19,19,18,18,18,5,0,0,0,0,0,0,0,0,0,5,18,19,20,21,21,21,21,22,23,23,24,24,25,24,24,24,24,24,24,24,24,24,22,23,24,25
-72,125,20,27,26,26,25,25,24,24,24,23,22,22,22,22,22,22,22,21,22,21,21,21,21,21,21,21,5,0,0,0,0,0,0,0,0,0,5,20,20,22,22,23,24,24,26,26,27,27,27,27,28,27,27,27,26,26,26,26,26,26,26,27,28
-72,125,20,24,23,23,23,22,22,21,19,18,20,20,20,21,20,20,20,21,20,18,18,19,19,19,19,18,5,0,0,0,0,0,0,0,0,0,5,18,18,19,19,20,21,22,23,23,23,24,24,24,24,23,24,23,23,23,24,23,23,23,23,24,25
-73,125,20,24,24,24,23,22,22,22,20,19,21,21,21,21,21,21,21,20,20,19,19,18,18,17,18,18,5,0,0,0,0,0,0,0,0,0,5,18,19,20,21,21,21,22,22,24,24,24,26,25,25,24,24,24,24,24,24,24,24,23,24,25,25
-73,125,20,23,24,24,23,22,22,22,23,25,23,22,22,22,21,21,20,20,20,19,19,19,18,18,18,18,4,0,0,0,0,0,0,0,0,0,5,18,18,19,19,20,22,22,22,22,23,24,24,24,25,25,25,24,24,24,24,23,23,23,23,24,24
-72,125,20,23,24,23,23,23,22,21,21,18,19,21,22,21,20,20,19,20,19,19,18,18,17,17,17,17,4,0,0,0,0,0,0,0,0,0,4,18,18,19,20,20,21,23,23,22,23,24,24,24,24,24,24,24,23,24,24,22,22,22,23,24,26
-73,125,20,24,25,24,24,23,23,22,21,19,20,21,22,22,21,21,20,20,20,19,19,19,18,19,18,18,4,0,0,0,0,0,0,0,0,0,4,17,18,19,20,21,21,23,23,24,25,25,26,26,25,25,25,24,24,25,25,25,25,24,24,25,26
-72,125,20,24,24,24,23,23,23,22,22,24,22,21,21,21,21,21,21,21,20,20,20,19,19,19,18,18,5,0,0,0,0,0,0,0,0,0,5,18,18,19,20,21,22,22,22,22,23,24,24,23,23,24,24,24,23,23,23,23,23,23,24,25,25
-72,125,20,26,26,25,24,24,23,23,23,25,24,22,22,22,22,22,20,20,20,20,20,19,19,19,19,19,5,0,0,0,0,0,0,0,0,0,5,18,19,19,20,21,22,22,23,23,24,25,24,25,25,25,25,25,24,24,23,24,24,23,24,25,26
-72,125,20,23,23,23,23,23,22,22,23,26,23,21,20,21,21,21,20,20,20,19,19,19,18,18,18,17,4,0,0,0,0,0,0,0,0,0,5,17,18,19,19,20,21,22,23,23,23,24,24,24,24,24,24,23,23,22,23,23,23,22,23,24,24
-71,125,20,25,25,25,24,24,25,24,25,26,25,23,22,23,22,22,21,22,21,20,21,21,20,20,20,20,5,0,0,0,0,0,0,0,0,0,5,19,19,19,20,21,22,22,23,24,24,25,26,26,25,25,26,25,24,24,24,25,25,25,25,26,26
-72,125,20,23,23,22,23,22,21,21,19,18,18,20,20,20,20,19,19,19,19,19,19,17,17,17,16,17,4,0,0,0,0,0,0,0,0,0,4,15,16,18,18,19,19,20,20,21,22,23,24,23,23,23,23,22,22,23,23,22,22,22,22,23,23
-72,125,20,24,24,24,24,23,22,22,22,24,23,22,22,22,22,21,20,19,19,19,19,18,18,18,18,18,5,0,0,0,0,0,0,0,0,0,5,17,17,19,20,22,22,23,24,24,24,24,25,25,25,24,24,24,24,24,24,24,24,24,25,25,25
-72,125,20,24,24,24,23,22,22,22,21,21,21,21,21,21,21,21,20,20,20,20,20,19,18,17,17,18,5,0,0,0,0,0,0,0,0,0,5,17,18,19,20,20,21,22,22,24,23,24,24,25,25,25,25,24,24,23,23,23,23,23,23,25,25
-72,125,20,26,25,24,24,24,24,24,24,24,23,22,22,23,23,24,23,22,21,21,21,20,19,19,19,19,5,0,0,0,0,0,0,0,0,0,5,19,19,21,20,21,22,23,23,24,24,25,26,26,26,25,25,26,24,24,25,25,25,25,25,27,27
-71,125,20,26,26,25,24,24,24,24,24,24,24,23,23,23,23,23,22,21,21,21,21,20,19,19,19,19,5,0,0,0,0,0,0,0,0,0,5,19,19,21,21,21,22,23,23,24,24,25,25,26,25,25,26,26,25,25,25,25,24,24,25,26,27
-71,125,20,26,25,25,25,24,23,22,20,19,21,21,21,22,21,20,21,21,21,20,19,19,19,19,18,18,5,0,0,0,0,0,0,0,0,0,5,18,19,19,20,20,21,22,22,23,24,25,26,25,24,24,23,23,23,23,24,24,24,23,24,25,26
-71,125,20,24,24,24,24,23,24,24,24,24,23,22,21,22,22,22,22,22,20,20,20,19,19,19,19,19,5,0,0,0,0,0,0,0,0,0,4,18,18,19,20,21,22,23,23,24,25,25,25,25,26,25,24,24,24,25,25,24,24,24,25,26,26
-71,125,20,26,26,25,24,24,24,24,26,27,25,22,22,22,22,22,22,22,21,21,21,21,20,20,20,19,5,0,0,0,0,0,0,0,0,0,5,19,20,21,21,22,22,23,23,24,25,25,26,26,26,26,26,25,25,26,25,25,25,25,26,26,27
-71,125,20,27,26,25,25,25,24,24,25,26,24,22,22,22,22,22,22,21,21,21,20,21,20,19,19,19,5,0,0,0,0,0,0,0,0,0,5,18,19,20,21,22,22,23,24,24,25,26,26,25,26,25,25,25,24,24,25,25,25,25,26,26,26
-71,125,20,26,25,25,25,25,25,25,24,25,24,22,22,22,22,22,22,21,20,21,21,21,20,20,19,19,5,0,0,0,0,0,0,0,0,0,5,19,19,20,21,20,21,22,24,24,24,25,25,25,25,25,25,24,24,24,24,24,25,25,26,26,25
-72,125,20,24,24,23,23,23,23,22,22,23,22,22,22,21,21,21,21,20,20,19,19,19,19,19,19,19,4,0,0,0,0,0,0,0,0,0,4,16,17,18,19,20,22,22,22,24,24,24,24,24,25,25,25,24,23,24,25,24,24,24,24,25,24
-72,125,20,23,23,22,21,22,21,21,20,20,19,20,20,20,19,19,19,19,19,18,17,17,18,17,17,17,3,0,0,0,0,0,0,0,0,0,3,17,17,17,18,18,20,21,21,22,23,22,23,23,23,23,23,22,22,22,23,23,23,22,22,23,22
-71,125,20,24,25,25,24,23,23,22,21,19,21,21,21,22,22,22,21,21,21,21,20,19,18,18,19,18,5,0,0,0,0,0,0,0,0,0,4,17,18,19,19,20,21,22,22,24,24,24,24,24,24,24,24,24,24,24,24,24,24,24,25,26,26
-72,125,20,26,26,25,25,24,24,25,26,27,25,23,23,23,23,23,22,22,21,21,20,20,19,20,19,19,5,0,0,0,0,0,0,0,0,0,5,19,19,20,20,21,22,22,23,24,25,25,26,26,25,24,24,24,24,24,25,25,25,25,26,27,26
-71,125,20,25,25,25,25,24,24,24,21,20,21,23,23,22,21,22,22,21,20,20,19,20,19,18,18,19,4,0,0,0,0,0,0,0,0,0,4,17,18,19,20,22,22,22,22,23,24,25,25,26,26,25,25,24,24,24,24,25,25,25,24,26,28
-71,125,20,26,26,25,24,25,25,24,21,20,22,23,23,22,22,22,22,21,21,20,20,19,19,19,19,19,5,0,0,0,0,0,0,0,0,0,4,18,18,19,20,20,21,23,23,24,24,25,26,27,26,25,25,25,25,25,24,24,25,25,26,27,26
-71,125,20,25,25,24,24,24,24,23,25,24,23,22,22,23,22,22,22,22,21,20,20,20,19,18,19,18,4,0,0,0,0,0,0,0,0,0,5,18,18,18,20,21,21,22,23,23,23,24,25,26,26,24,24,24,23,24,24,24,25,25,25,25,25
-71,125,20,25,26,25,24,24,24,24,24,24,24,23,22,22,22,23,22,21,20,20,21,21,20,21,19,19,5,0,0,0,0,0,0,0,0,0,5,18,18,20,21,21,21,23,23,23,25,25,26,26,25,25,25,24,24,25,25,25,25,24,25,26,25
-72,125,20,25,25,24,23,23,23,23,24,24,23,21,22,22,21,21,21,21,20,19,19,19,18,18,17,17,3,0,0,0,0,0,0,0,0,0,3,16,17,19,19,19,20,22,22,23,23,24,24,24,25,25,23,24,23,23,23,24,24,23,24,25,25
-71,125,20,26,25,24,24,24,24,23,23,25,24,22,22,22,21,22,21,21,21,20,19,19,19,18,18,18,4,0,0,0,0,0,0,0,0,0,5,19,18,19,20,21,22,22,23,24,24,25,25,25,24,24,24,25,25,25,25,24,24,24,25,26,26
-71,125,20,26,26,25,24,24,24,23,22,23,23,22,21,22,22,22,21,21,21,20,19,19,19,18,18,18,4,0,0,0,0,0,0,0,0,0,4,18,18,18,20,21,21,22,23,22,23,24,25,25,24,24,25,25,24,24,24,25,24,24,24,25,25
-71,125,20,25,25,25,24,24,23,23,21,20,21,22,22,22,21,21,22,22,21,20,19,19,19,19,19,19,4,0,0,0,0,0,0,0,0,0,4,19,18,19,19,20,21,22,23,23,24,25,25,25,23,23,25,24,23,24,25,25,25,24,24,26,27
-73,125,20,26,26,25,24,24,24,24,24,24,24,24,24,23,22,23,22,22,21,21,21,20,20,19,19,19,5,0,0,0,0,0,0,0,0,0,5,19,19,19,21,22,23,24,24,24,24,25,26,26,26,26,25,25,25,24,24,24,24,25,26,27,28
-72,125,20,24,24,24,24,24,24,24,24,25,24,23,23,23,22,22,22,22,22,22,21,20,20,19,19,19,5,0,0,0,0,0,0,0,0,0,5,18,18,19,19,19,20,20,22,22,22,22,23,24,24,24,23,22,23,24,22,22,23,24,24,24,25
-73,125,20,25,25,24,24,24,24,23,24,25,24,22,22,21,22,23,22,21,21,21,21,21,20,19,19,19,5,0,0,0,0,0,0,0,0,0,5,18,18,18,20,20,21,22,23,24,24,24,25,24,24,24,24,24,24,24,24,23,23,23,24,26,27
-73,125,20,25,24,24,23,23,22,22,20,19,21,23,22,21,21,21,21,21,21,21,21,20,18,19,19,19,5,0,0,0,0,0,0,0,0,0,5,17,18,19,19,19,19,22,22,22,23,24,24,25,24,23,24,23,23,23,23,24,24,24,24,24,24
-73,125,20,24,23,22,22,22,22,21,22,23,21,20,20,21,21,20,19,19,19,19,18,17,17,17,17,17,4,0,0,0,0,0,0,0,0,0,4,16,17,17,18,19,19,21,21,22,22,22,24,23,23,24,23,23,22,22,22,23,23,23,23,23,24
-71,125,20,24,24,23,23,23,22,22,20,20,21,21,23,23,22,21,21,21,21,21,21,21,20,20,19,19,4,0,0,0,0,0,0,0,0,0,4,18,18,19,20,21,22,22,23,24,24,24,24,25,24,24,23,24,24,24,24,24,24,24,24,25,26
-72,125,20,24,24,24,25,24,23,23,24,25,24,21,21,22,22,24,23,22,22,22,21,21,20,20,20,19,5,0,0,0,0,0,0,0,0,0,5,18,18,19,20,21,21,22,23,24,23,24,25,25,24,24,23,24,23,23,23,23,23,23,24,24,25
-71,125,20,26,24,25,26,25,25,24,25,28,26,24,23,23,23,23,22,22,22,22,22,21,21,21,20,20,5,0,0,0,0,0,0,0,0,0,5,19,19,19,21,21,22,23,24,24,24,25,25,25,24,25,25,25,24,25,25,26,25,24,25,26,26
-71,125,20,26,26,26,26,25,25,24,24,24,24,24,23,24,23,23,23,23,23,22,22,21,21,21,21,20,5,0,0,0,0,0,0,0,0,0,5,19,19,20,22,23,23,23,24,25,25,26,26,26,25,25,25,25,25,26,25,25,25,24,25,26,27
-71,125,20,25,26,26,24,24,23,23,24,25,24,23,22,22,23,22,22,22,22,22,22,21,20,19,19,20,4,0,0,0,0,0,0,0,0,0,4,18,18,18,20,21,21,22,23,23,24,24,25,25,25,25,25,24,24,24,23,24,24,23,25,25,26
-71,125,20,22,22,22,23,22,21,21,22,21,20,20,20,20,19,20,20,20,20,19,19,18,19,18,18,18,5,0,0,0,0,0,0,0,0,0,4,17,17,18,18,19,20,20,21,22,22,22,23,23,23,23,23,23,22,22,22,21,21,21,22,23,25
-71,125,20,21,21,21,20,20,19,18,17,17,19,20,18,19,19,19,19,18,19,17,17,17,17,17,17,15,3,0,0,0,0,0,0,0,0,0,2,14,15,16,16,17,18,19,19,19,20,21,22,22,21,21,21,21,20,21,20,19,19,19,21,22,21
-74,125,20,24,23,23,23,23,21,21,20,20,20,19,19,19,19,19,19,18,19,19,19,18,18,18,17,17,4,0,0,0,0,0,0,0,0,0,3,16,17,19,20,21,21,21,22,23,25,25,25,26,25,26,26,24,24,23,23,23,22,22,23,24,24
-74,125,20,26,26,26,25,24,24,24,21,21,21,21,23,22,22,21,20,20,20,19,18,18,18,18,18,18,5,0,0,0,0,0,0,0,0,0,5,19,20,21,22,22,23,23,24,24,25,25,25,25,25,26,26,25,25,25,25,25,24,23,24,27,28
-72,125,20,25,24,24,23,23,23,23,21,18,19,21,22,22,22,22,22,21,21,22,22,22,21,21,21,21,5,0,0,0,0,0,0,0,0,0,4,18,18,19,20,20,20,22,22,22,22,23,22,22,22,22,22,22,21,21,21,22,22,23,23,24,25
-68,125,20,25,25,25,24,23,23,23,22,21,22,22,22,22,23,23,23,22,22,22,22,22,21,21,20,20,5,0,0,0,0,0,0,0,0,0,4,18,19,19,20,21,21,21,21,23,23,24,24,24,23,23,23,22,22,22,23,23,24,23,23,24,25
-68,125,20,25,25,25,25,24,23,23,22,22,22,23,23,23,24,24,24,24,24,24,23,23,22,22,21,22,5,0,0,0,0,0,0,0,0,0,4,18,18,20,20,21,22,22,22,23,23,24,24,24,23,23,23,22,22,22,23,23,23,23,23,25,26
